URL,Title,Status,IP,tag,FoFa,length
http://101.100.186.36:8080/,No Title Found,200 ,101.100.186.36,No Status Found,No Status Found,{'header': ['3528']}
http://101.132.102.230:888/,404 Not Found,404 Not Found,101.132.102.230,No Status Found,No Status Found,{'header': ['146']}
http://101.132.24.253:8081/,HTTP Status 404 – Not Found,404 ,101.132.24.253,No Status Found,No Status Found,{'header': ['431']}
http://101.132.121.163:8888/,404 Not Found,404 Not Found,101.132.121.163,No Status Found,No Status Found,{'header': ['146']}
http://101.126.64.190:8000/,Welcome to nginx!,200 OK,101.126.64.190,Envoy,"header=""Envoy"" || header=""server: envoy"" || title=""Envoy""",{'header': ['612']}
http://101.132.191.90:8080/,No Title Found,302 Found,No Status Found,No Status Found,No Status Found,{'header': ['0']}
http://101.132.184.24:8001/,No Title Found,400 Bad Request,101.132.184.24,No Status Found,No Status Found,{'header': ['50']}
https://101.1.228.24:8080/,No Title Found,200 OK,101.1.228.24,Fortinet – Forticlient,"icon_hash=""945408572""",{'header': ['79']}
http://101.132.111.137:8086/,InfluxDB,200 OK,101.132.111.137,Influxdb,"header=""X-Influxdb"" || header=""InfluxDb"" || title=""InfluxDb""",{'header': ['534']}
http://101.132.147.67:8081/,Error 404 Not Found,404 Not Found,101.132.147.67,Jetty,"header=""Server: Jetty"" || header=""Server:Jetty"" || body=""<A HREF=\""http://jetty.mortbay.org\""><IMG SRC=\""jetty_banner.gif\""></A>"" || body=""<p><i><small><a href=\""http://jetty.mortbay.org\"">Powered by Jetty://</a></small></i></p>"" || header=""server: jetty""",{'header': ['444']}
http://100.24.50.42:8080/,Welcome to nginx!,200 OK,100.24.50.42,No Status Found,No Status Found,{'header': ['615']}
https://100.20.155.200:8443/,No Title Found,404 Not Found,100.20.155.200,No Status Found,No Status Found,{'header': ['29']}
https://100.27.200.58:8086/,No Title Found,404 Not Found,100.27.200.58,Docker_Daemon,"header=""Content-Length:19"" || header=""text/plain""",{'header': ['19']}
http://101.132.35.255:8082/,index页面,200 ,101.132.35.255,No Status Found,No Status Found,{'header': ['227']}
http://100.28.134.131:8080/,No Title Found,403 Forbidden,100.28.134.131,Jetty,"header=""Server: Jetty"" || header=""Server:Jetty"" || body=""<A HREF=\""http://jetty.mortbay.org\""><IMG SRC=\""jetty_banner.gif\""></A>"" || body=""<p><i><small><a href=\""http://jetty.mortbay.org\"">Powered by Jetty://</a></small></i></p>"" || header=""server: jetty""",{'header': ['589']}
http://101.132.96.8:888/,403 Forbidden,403 Forbidden,101.132.96.8,No Status Found,No Status Found,{'header': ['146']}
https://100.37.65.249:8080/,No Title Found,401 Unauthorized,100.37.65.249,Docker_Daemon,"header=""Content-Length:19"" || header=""text/plain""",{'header': ['51']}
https://100.15.30.175:8080/,No Title Found,401 Unauthorized,100.15.30.175,Docker_Daemon,"header=""Content-Length:19"" || header=""text/plain""",{'header': ['51']}
http://101.133.233.173:8081/,Apache Tomcat/9.0.29,200 ,101.133.233.173,Tomcat默认页面,"body=""/manager/status"" && body=""/manager/html""",{'header': ['11196']}
http://101.132.255.212:9000/,MinIO Browser,307 Temporary Redirect,No Status Found,MinIO,"body=""MinIO Console"" || title=""MinIO Browser"" || body=""<img src=\""/minio/logo.svg\"" alt=\""\"">"" && body=""<title>Minio Browser</title>"" || header=""Server: MinIO"" || body=""MinIO Browser""",{'header': ['43']}
http://101.132.42.199:8080/,阿里云万网虚机IP访问报错提示,301 Moved Permanently,No Status Found,Tengine,"body=""If you see this page, the tengine web server is successfully installed and"" || header=""Server: Tengine"" || header=""Server:Tengine"" || header=""server: tengine""",No Status Found
https://100.26.130.38:8443/,No Title Found,404 Not Found,100.26.130.38,No Status Found,No Status Found,{'header': ['29']}
https://101.127.214.27:10443/,No Title Found,200 OK,101.127.214.27,Fortinet – Forticlient,"icon_hash=""945408572""",{'header': ['131']}
http://101.200.140.248:8090/,ShowDoc,302 Found,No Status Found,PHP,"header=""x-powered-by: php"" || body="".php?"" || header=""php_errors"" || header=""php_session"" || header=""php/""",No Status Found
http://101.200.126.197:8080/,403 Forbidden,403 Forbidden,101.200.126.197,Apache,"header=""Server: Apache"" || body=""<title>Test Page for Apache Installation</title>"" || body=""<TITLE>Test Page for the SSL/TLS-aware Apache Installation on Web Site</TITLE>"" || body=""<html><body><h1>It works!</h1></body></html>"" || body=""<html>Apache is functioning normally</html>"" || body=""<body><center>This IP is being shared among many domains.<br>To view the domain you are looking for, simply enter the domain name in the location bar of your web browser.<br>""",{'header': ['202']}
http://101.200.166.169:9999/,HTTP Status 404 – Not Found,404 ,101.200.166.169,No Status Found,No Status Found,{'header': ['431']}
http://101.200.242.1:888/,403 Forbidden,403 Forbidden,101.200.242.1,No Status Found,No Status Found,{'header': ['146']}
http://101.200.153.43:8081/,404 Not Found,404 NOT FOUND,101.200.153.43,No Status Found,No Status Found,{'header': ['207']}
http://101.200.87.239:8888/,404 Not Found,404 Not Found,101.200.87.239,No Status Found,No Status Found,{'header': ['146']}
